key,existence,property,executive
YARN-10650,True,False,False
YARN-11025,True,True,False
YARN-11005,True,False,False
YARN-11003,True,False,False
YARN-11002,True,True,False
YARN-10980,False,True,True
YARN-10955,True,True,False
YARN-10930,True,False,False
YARN-10928,True,False,False
YARN-10899,False,True,False
YARN-10898,True,False,False
YARN-10889,True,False,False
YARN-10843,True,False,False
YARN-10835,True,False,False
YARN-10790,True,False,False
YARN-10782,True,False,False
YARN-10759,True,False,False
YARN-10758,True,False,False
YARN-10755,True,False,False
YARN-10738,True,True,False
YARN-10714,True,False,False
YARN-10655,False,True,False
YARN-10623,True,False,False
YARN-10621,True,False,True
YARN-10617,True,False,False
YARN-10598,True,False,False
YARN-10585,True,False,False
YARN-10581,True,False,False
YARN-10579,True,False,False
YARN-10571,True,False,False
YARN-10564,True,False,False
YARN-10546,True,False,False
YARN-10534,True,False,False
YARN-10524,True,False,False
YARN-10521,True,False,False
YARN-10514,True,True,False
YARN-10512,True,False,False
YARN-10505,True,False,False
YARN-10496,True,False,False
YARN-10493,True,True,False
YARN-10478,True,False,False
YARN-10473,True,False,False
YARN-10449,True,False,False
YARN-10436,True,False,False
YARN-10433,True,False,False
YARN-10432,True,False,False
YARN-10431,True,True,False
YARN-10422,True,False,False
YARN-10421,True,False,False
YARN-10406,True,True,False
YARN-10389,True,False,False
YARN-10384,True,False,False
YARN-10376,True,False,False
YARN-10375,True,False,False
YARN-10374,True,False,False
YARN-10370,True,False,False
YARN-10043,False,True,False
YARN-10352,True,False,False
YARN-10335,True,True,False
YARN-10333,True,False,False
YARN-10323,True,True,False
YARN-10311,True,False,False
YARN-10304,True,False,False
YARN-10292,True,False,False
YARN-10281,True,False,False
YARN-10276,False,True,False
YARN-10246,True,False,False
YARN-10238,True,True,False
YARN-10229,True,False,False
YARN-10216,True,False,False
YARN-10028,True,False,False
YARN-10214,True,False,False
YARN-10181,True,False,False
YARN-10162,True,False,False
YARN-10126,True,False,False
YARN-10114,True,False,False
YARN-10101,True,False,False
YARN-10100,True,False,False
YARN-10099,True,False,False
YARN-10096,True,False,False
YARN-10094,False,True,False
YARN-10079,False,True,False
YARN-10062,True,False,False
YARN-10039,True,False,False
YARN-10032,True,False,False
YARN-10031,True,True,False
YARN-10022,True,False,False
YARN-9927,True,True,False
YARN-9936,True,False,False
YARN-9926,True,True,False
YARN-9923,True,False,False
YARN-9916,True,True,False
YARN-9904,True,False,False
YARN-9899,True,False,False
YARN-9897,True,False,True
YARN-9879,True,False,False
YARN-9848,False,True,False
YARN-9809,True,False,False
YARN-9805,True,True,False
YARN-9748,True,False,False
YARN-9726,True,False,False
YARN-9802,True,False,False
YARN-9768,True,False,False
YARN-9761,True,False,False
YARN-9760,True,False,False
YARN-9746,True,False,False
YARN-9754,True,False,False
YARN-9753,True,True,False
YARN-9737,False,True,False
YARN-9730,True,True,False
YARN-9698,True,False,False
YARN-9697,False,True,False
YARN-9686,False,True,False
YARN-9671,False,True,False
YARN-9669,True,False,False
YARN-9664,False,True,False
YARN-9663,True,False,False
YARN-9656,True,True,False
YARN-9652,True,False,False
YARN-9634,True,False,False
YARN-9633,True,False,False
YARN-9618,True,True,False
YARN-9609,True,False,False
YARN-9607,True,False,False
YARN-9603,True,False,False
YARN-9577,True,False,False
YARN-9555,True,False,False
YARN-9528,True,False,False
YARN-9439,True,True,False
YARN-9499,True,True,False
YARN-9477,True,False,True
YARN-9473,True,False,True
YARN-9472,True,False,False
YARN-9443,False,True,False
YARN-9421,True,False,False
YARN-9416,True,False,False
YARN-9414,True,True,False
YARN-9378,True,False,False
YARN-9366,True,False,False
YARN-9346,False,True,True
YARN-9345,True,True,False
YARN-9313,True,True,False
YARN-9298,True,False,False
YARN-9292,True,False,False
YARN-9287,True,True,False
YARN-9276,False,True,False
YARN-9249,True,False,False
YARN-9230,True,False,True
YARN-9228,True,False,False
YARN-9200,True,False,False
YARN-9174,True,False,False
YARN-9150,True,False,False
YARN-9146,True,False,False
YARN-9145,True,False,False
YARN-9116,True,False,False
YARN-9098,True,False,False
YARN-9086,True,False,False
YARN-9059,True,False,False
YARN-9060,True,False,True
YARN-9056,True,False,False
YARN-9055,True,False,False
YARN-9050,True,True,False
YARN-9045,True,False,False
YARN-9038,True,False,False
YARN-9034,True,False,False
YARN-9023,True,True,False
YARN-9021,True,False,False
YARN-9016,True,False,True
YARN-9015,True,False,False
YARN-9014,True,False,True
YARN-9003,True,False,False
YARN-9000,True,False,False
YARN-8993,True,False,False
YARN-8964,True,False,False
YARN-8982,True,False,False
YARN-8962,True,False,False
YARN-8761,True,False,False
YARN-8981,True,False,False
YARN-8978,True,False,False
YARN-8967,True,False,False
YARN-8965,True,False,False
YARN-8953,True,False,False
YARN-8913,True,False,False
YARN-8890,True,False,False
YARN-8903,True,False,False
YARN-8895,True,True,False
YARN-8889,True,False,False
YARN-8887,True,False,False
YARN-8886,True,True,False
YARN-8884,True,False,False
YARN-8882,True,False,False
YARN-8881,True,False,False
YARN-8880,True,False,False
YARN-8863,True,False,False
YARN-8862,True,False,False
YARN-8851,True,True,False
YARN-8850,False,True,False
YARN-8849,True,False,True
YARN-8848,True,True,False
YARN-8839,True,True,False
YARN-8838,False,True,False
YARN-8836,True,False,False
YARN-8834,True,False,False
YARN-8827,True,False,False
YARN-8821,True,True,False
YARN-8820,True,True,True
YARN-8811,True,True,False
YARN-8766,True,False,False
YARN-8765,True,False,False
YARN-8763,True,False,False
YARN-8762,True,False,False
YARN-8736,True,False,False
YARN-8731,True,False,False
YARN-8697,True,False,False
YARN-8696,True,False,False
YARN-8686,True,False,False
YARN-8684,True,False,False
YARN-8673,True,True,False
YARN-8670,True,False,False
YARN-8643,True,False,False
YARN-8651,False,True,False
YARN-8639,False,True,False
YARN-8638,True,False,False
YARN-8634,True,False,False
YARN-8626,True,False,False
YARN-8621,True,False,False
YARN-8618,True,False,False
YARN-8599,True,False,False
YARN-8598,True,False,False
YARN-8597,True,False,False
YARN-8572,True,False,False
YARN-8583,True,True,False
YARN-8571,True,False,False
YARN-8559,True,False,False
YARN-8556,True,False,False
YARN-8551,True,False,False
YARN-8533,True,True,False
YARN-8532,True,True,False
YARN-8499,True,False,False
YARN-8495,True,True,False
YARN-8493,False,True,False
YARN-8489,True,False,False
YARN-8488,True,False,False
YARN-8472,True,True,False
YARN-8468,True,False,False
YARN-8451,True,False,False
YARN-8461,True,False,False
YARN-8452,False,True,False
YARN-8446,True,True,False
YARN-8412,True,False,False
YARN-8411,True,False,False
YARN-8392,True,False,False
YARN-8304,True,False,False
YARN-8379,True,False,False
YARN-8364,True,False,False
YARN-8361,True,False,False
YARN-8356,True,False,False
YARN-8352,True,False,False
YARN-8306,True,False,False
YARN-8345,True,False,False
YARN-8333,True,False,False
YARN-8320,True,True,False
YARN-8314,True,False,False
YARN-8303,True,False,False
YARN-8298,True,False,False
YARN-8286,True,False,False
YARN-8283,True,False,False
YARN-8256,True,False,False
YARN-8250,True,True,False
YARN-8240,True,False,False
YARN-8238,True,False,False
YARN-8192,True,False,False
YARN-8186,True,False,False
YARN-8178,True,True,False
YARN-8170,True,False,False
YARN-8157,True,False,False
YARN-8146,False,True,False
YARN-8137,False,True,False
YARN-8134,True,False,False
YARN-8131,True,False,False
YARN-8104,True,False,False
YARN-8103,True,False,False
YARN-8100,True,False,False
YARN-8092,True,False,False
YARN-8081,True,False,False
YARN-8080,True,False,False
YARN-7307,True,False,False
YARN-8065,True,False,False
YARN-8052,True,False,False
YARN-8042,True,False,False
YARN-8038,True,False,False
YARN-8018,True,False,False
YARN-8015,True,False,False
YARN-8014,True,False,False
YARN-8013,True,False,False
YARN-8007,True,False,False
YARN-7996,True,False,False
YARN-7976,True,False,False
YARN-7974,True,False,False
YARN-7972,True,False,False
YARN-7939,True,False,False
YARN-7934,True,False,False
YARN-7931,True,False,False
YARN-7930,True,False,False
YARN-7929,True,False,False
YARN-7904,False,True,False
YARN-7923,False,True,False
YARN-7900,True,False,False
YARN-7882,True,False,True
YARN-7876,True,False,False
YARN-7871,True,False,False
YARN-7863,True,False,False
YARN-7858,True,False,False
YARN-7856,True,False,False
YARN-7854,True,False,False
YARN-7848,False,True,False
YARN-7847,True,False,False
YARN-7842,True,False,False
YARN-7839,False,True,False
YARN-7831,True,False,False
YARN-7825,True,False,False
YARN-7812,True,False,False
YARN-7806,True,False,False
YARN-7606,False,True,False
YARN-7790,True,True,False
YARN-7778,True,False,False
YARN-7774,True,False,False
YARN-7724,True,False,False
YARN-7713,True,False,False
YARN-7707,True,False,False
YARN-7694,True,False,False
YARN-7686,True,False,False
YARN-7672,True,True,False
YARN-7670,True,False,False
YARN-7669,True,False,False
YARN-7666,True,False,False
YARN-7662,True,False,False
YARN-7660,True,False,False
YARN-7657,True,False,False
YARN-7655,True,True,False
YARN-7653,True,False,False
YARN-7033,True,False,False
YARN-7643,True,False,False
YARN-7634,True,False,False
YARN-7622,True,True,False
YARN-7621,True,False,False
YARN-7612,True,False,False
YARN-7605,True,False,False
YARN-7599,True,False,False
YARN-7583,False,True,False
YARN-7540,True,False,False
YARN-7530,True,False,False
YARN-7522,True,False,False
YARN-7520,True,False,False
YARN-7506,True,True,True
YARN-7495,False,True,False
YARN-7494,False,True,False
YARN-7492,True,False,False
YARN-7481,False,True,True
YARN-7473,True,False,False
YARN-7469,True,False,False
YARN-7468,False,True,False
YARN-7457,True,True,False
YARN-7441,True,False,False
YARN-7438,True,False,False
YARN-7423,True,False,False
YARN-7419,True,False,False
YARN-7405,True,False,False
YARN-7399,True,True,False
YARN-7384,True,False,False
YARN-7376,True,False,False
YARN-7368,True,False,False
YARN-7297,True,True,False
YARN-7292,True,False,False
YARN-7282,True,False,False
YARN-7273,True,False,False
YARN-7272,True,True,False
YARN-7271,True,False,False
YARN-7265,True,False,False
YARN-7250,True,False,False
YARN-7224,True,False,True
YARN-7218,True,False,False
YARN-7217,True,True,False
YARN-7215,True,False,False
YARN-7193,True,False,False
YARN-7192,True,False,False
YARN-1637,True,False,False
YARN-7159,True,True,False
YARN-7158,False,True,False
YARN-7142,True,False,False
YARN-7129,True,False,False
YARN-7127,True,False,False
YARN-7117,True,False,False
YARN-7109,True,False,False
YARN-7107,True,False,False
YARN-7097,True,False,False
YARN-7096,True,False,False
YARN-7095,True,False,False
YARN-7079,True,False,False
YARN-7069,True,False,False
YARN-7061,True,True,False
YARN-7059,True,False,False
YARN-7055,True,False,False
YARN-7054,True,False,False
YARN-7053,True,False,False
YARN-7037,False,True,False
YARN-1636,True,False,False
YARN-7031,True,False,False
YARN-7019,True,True,False
YARN-7018,True,False,False
YARN-7017,True,False,False
YARN-7016,True,False,False
YARN-7010,True,False,False
YARN-7006,True,True,False
YARN-7005,False,True,False
YARN-7004,False,True,False
YARN-7003,True,False,False
YARN-6963,True,True,False
YARN-6960,True,False,False
YARN-1635,True,False,True
YARN-6947,False,True,False
YARN-6936,True,False,False
YARN-6915,True,False,True
YARN-6903,True,True,False
YARN-6896,True,False,False
YARN-6889,False,True,False
YARN-6877,True,False,False
YARN-6876,True,False,False
YARN-6875,True,True,False
YARN-6858,True,False,False
YARN-6857,True,False,False
YARN-6855,True,False,False
YARN-6848,True,False,False
YARN-6842,True,False,False
YARN-6839,True,False,False
YARN-6829,True,False,False
YARN-6828,True,False,False
YARN-1634,True,False,False
YARN-6820,True,True,False
YARN-6791,True,True,False
YARN-6789,True,False,False
YARN-6777,True,False,False
YARN-6774,True,False,False
YARN-6753,True,False,False
YARN-1633,True,False,False
YARN-6734,True,False,False
YARN-6733,True,False,False
YARN-6724,True,False,False
YARN-6573,True,True,False
YARN-6704,True,False,False
YARN-6691,True,False,False
YARN-6688,True,False,False
YARN-6679,False,True,False
YARN-6671,True,False,False
YARN-6670,True,False,False
YARN-6669,True,True,False
YARN-6636,True,False,False
YARN-6634,True,False,False
YARN-6612,True,False,False
YARN-6626,True,False,True
YARN-6621,True,False,False
YARN-6620,True,False,False
YARN-6601,True,False,False
YARN-6599,True,False,False
YARN-6596,True,False,False
YARN-6592,True,False,False
YARN-6586,True,True,True
YARN-6569,True,False,False
YARN-6567,True,True,False
YARN-6527,False,True,False
YARN-6524,False,True,False
YARN-6521,True,False,False
YARN-6511,True,False,False
YARN-6507,True,False,False
YARN-6484,True,False,False
YARN-6469,True,False,False
YARN-6466,True,False,False
YARN-6462,True,False,False
YARN-6449,True,True,False
YARN-6440,True,False,False
YARN-6426,True,True,False
YARN-6407,False,True,False
YARN-6401,True,False,False
YARN-6398,True,False,False
YARN-6396,False,True,False
YARN-6390,True,False,False
YARN-6345,True,False,False
YARN-6369,True,False,False
YARN-6366,True,False,False
YARN-6364,True,False,False
YARN-6358,False,True,False
YARN-6357,True,False,False
YARN-6355,True,False,False
YARN-6347,True,False,False
YARN-6320,True,True,False
YARN-6314,True,False,False
YARN-6306,True,False,False
YARN-6282,True,False,False
YARN-6266,True,False,False
YARN-6255,True,True,False
YARN-6254,True,False,False
YARN-6234,True,False,False
YARN-6224,False,True,False
YARN-6223,True,False,True
YARN-6207,True,False,False
YARN-6192,True,False,False
YARN-6179,True,False,False
YARN-6167,True,False,False
YARN-6162,True,False,False
YARN-6161,True,False,False
YARN-6160,True,False,False
YARN-6137,True,False,False
YARN-6127,True,False,False
YARN-1474,True,False,False
YARN-6121,True,False,False
YARN-6101,True,True,False
YARN-6100,True,False,False
YARN-6099,True,False,False
YARN-6095,True,False,False
YARN-6080,True,False,False
YARN-6069,True,False,False
YARN-6067,True,False,False
YARN-6058,True,False,False
YARN-6045,False,True,False
YARN-6043,True,False,True
YARN-6040,True,True,False
YARN-6037,True,False,False
YARN-6011,True,False,False
YARN-6008,True,False,False
YARN-6005,True,False,False
YARN-5990,True,False,False
YARN-5984,True,True,False
YARN-5983,False,True,True
YARN-5972,True,False,False
YARN-5955,False,True,False
YARN-5953,True,False,False
YARN-5952,True,False,False
YARN-5949,True,False,False
YARN-5940,True,False,False
YARN-5932,True,False,False
YARN-5910,True,True,False
YARN-5906,True,True,False
YARN-5905,True,False,False
YARN-5900,True,True,False
YARN-5889,False,True,False
YARN-5887,False,True,False
YARN-5886,True,False,False
YARN-5883,False,True,False
YARN-5881,True,False,False
YARN-5872,True,False,False
YARN-5869,True,True,False
YARN-5860,True,True,False
YARN-5846,True,True,False
YARN-5832,True,False,False
YARN-5820,True,False,False
YARN-2215,True,False,False
YARN-5789,True,False,True
YARN-5780,True,False,False
YARN-5769,True,False,False
YARN-5761,True,False,False
YARN-5740,True,False,False
YARN-5739,True,False,False
YARN-5734,True,True,False
YARN-5732,True,True,False
YARN-5727,True,True,False
YARN-5724,True,True,False
YARN-5718,True,False,False
YARN-5716,True,False,False
YARN-5704,True,False,False
YARN-5702,True,False,False
YARN-5715,True,False,False
YARN-5708,True,False,False
YARN-5699,True,False,False
YARN-5692,True,False,False
YARN-5683,True,True,False
YARN-5681,True,False,False
YARN-5677,True,True,False
YARN-5648,False,True,False
YARN-5673,True,True,False
YARN-5668,True,False,False
YARN-5667,True,False,False
YARN-5658,True,False,False
YARN-5644,True,False,False
YARN-5638,True,False,False
YARN-5637,True,False,False
YARN-5606,True,False,False
YARN-5636,True,True,False
YARN-5634,True,False,False
YARN-5629,True,False,False
YARN-5627,True,False,False
YARN-5626,True,False,False
YARN-5605,True,False,False
YARN-5619,True,False,False
YARN-5618,True,False,False
YARN-5612,True,False,False
YARN-5611,True,False,False
YARN-5593,True,False,False
YARN-5590,True,True,False
YARN-5587,True,False,False
YARN-5585,True,False,False
YARN-5556,True,False,False
YARN-5547,True,False,False
YARN-5541,True,False,False
YARN-5532,True,False,False
YARN-5531,True,False,False
YARN-5520,True,False,False
YARN-5519,True,False,False
YARN-5518,True,True,False
YARN-5517,True,False,False
YARN-5516,True,False,False
YARN-5505,True,False,False
YARN-5457,True,True,False
YARN-5501,True,True,False
YARN-5479,False,True,False
YARN-5478,True,False,False
YARN-5473,True,False,False
YARN-5468,True,True,False
YARN-5461,True,False,False
YARN-5452,True,False,False
YARN-5426,True,False,True
YARN-5413,True,False,False
YARN-5412,True,False,False
YARN-5411,True,False,False
YARN-5410,True,False,False
YARN-5408,True,False,False
YARN-5407,True,False,False
YARN-5406,True,False,False
YARN-5396,True,True,False
YARN-5392,True,False,False
YARN-5391,True,False,False
YARN-5390,True,False,False
YARN-5357,True,False,False
YARN-5387,True,False,False
YARN-5386,True,False,False
YARN-5385,True,False,False
YARN-5384,True,False,False
YARN-5366,True,False,False
YARN-5355,True,False,False
YARN-5352,True,False,False
YARN-5342,True,False,False
YARN-5261,True,True,False
YARN-5330,True,False,False
YARN-5329,True,False,False
YARN-5328,True,False,False
YARN-5327,True,False,False
YARN-5326,True,False,False
YARN-5325,True,False,False
YARN-5324,True,False,False
YARN-5321,True,False,False
YARN-5307,True,False,False
YARN-5304,True,False,False
YARN-5295,True,False,False
YARN-5292,True,False,False
YARN-5290,True,False,False
YARN-5281,True,True,False
YARN-5280,False,True,False
YARN-5256,True,False,False
YARN-5255,True,False,False
YARN-5225,True,False,False
YARN-5220,True,True,False
YARN-5218,True,False,False
YARN-5215,True,True,False
YARN-5211,True,False,False
YARN-5207,True,False,False
YARN-5202,True,True,False
YARN-5177,True,False,False
YARN-5175,True,True,False
YARN-5140,False,True,False
YARN-5139,True,False,False
YARN-5137,False,True,False
YARN-5113,True,True,False
YARN-5086,True,False,False
YARN-5085,True,False,False
YARN-5081,True,True,False
YARN-5079,True,False,True
YARN-5078,True,False,False
YARN-5076,False,True,False
YARN-5046,True,False,False
YARN-5025,True,True,False
YARN-5015,True,False,False
YARN-5008,False,True,False
YARN-4993,True,False,False
YARN-4985,True,False,False
YARN-4958,True,False,False
YARN-4966,True,False,False
YARN-4963,True,True,False
YARN-4962,True,False,False
YARN-4952,True,False,False
YARN-4950,True,False,False
YARN-4948,True,False,False
YARN-4945,True,False,False
YARN-4213,True,False,False
YARN-4904,True,False,False
YARN-4902,True,False,True
YARN-4864,True,False,False
YARN-4889,True,False,False
YARN-4888,True,False,False
YARN-4887,True,False,False
YARN-4879,True,True,False
YARN-4877,True,True,False
YARN-4876,True,False,False
YARN-4874,True,False,False
YARN-4873,True,False,False
YARN-4870,True,False,False
YARN-4835,True,False,False
YARN-4830,True,False,False
YARN-4822,True,False,False
YARN-4793,True,False,False
YARN-4781,True,True,False
YARN-4777,True,True,False
YARN-4773,True,False,False
YARN-4766,True,False,False
YARN-4758,True,True,False
YARN-4757,True,True,True
YARN-4742,True,False,False
YARN-4752,True,False,False
YARN-4737,True,False,True
YARN-4730,True,True,False
YARN-4726,True,False,False
YARN-4725,True,False,False
YARN-4724,True,False,False
YARN-4719,False,True,False
YARN-4716,True,False,False
YARN-4715,True,False,False
YARN-4696,True,False,False
YARN-4692,True,False,False
YARN-4683,True,False,False
YARN-4676,True,True,False
YARN-4665,True,False,False
YARN-4619,True,True,False
YARN-4611,True,False,False
YARN-4479,True,False,False
YARN-4602,True,True,False
YARN-4601,True,False,False
YARN-4600,True,False,False
YARN-4599,True,False,False
YARN-4597,True,False,False
YARN-4595,True,False,False
YARN-4591,True,False,False
YARN-4561,True,False,False
YARN-4578,True,False,False
YARN-4576,True,False,False
YARN-4559,True,False,False
YARN-4553,True,False,False
YARN-4523,True,False,False
YARN-4537,True,False,False
YARN-4515,True,False,False
YARN-4511,True,False,False
YARN-3776,True,False,False
YARN-4496,True,True,False
YARN-4473,True,False,False
YARN-4471,True,False,False
YARN-4466,False,True,False
YARN-4349,True,False,False
YARN-4447,True,False,False
YARN-4443,True,False,False
YARN-4438,True,False,False
YARN-4435,True,False,False
YARN-4433,True,False,False
YARN-4425,True,False,False
YARN-4420,True,False,False
YARN-4417,True,False,False
YARN-4412,True,False,False
YARN-4405,True,False,False
YARN-4390,True,True,False
YARN-4368,True,True,False
YARN-4360,True,True,False
YARN-4353,False,True,False
YARN-4335,True,False,False
YARN-4333,True,False,False
YARN-4276,True,False,False
YARN-4275,True,False,False
YARN-4271,True,False,False
YARN-4266,True,False,False
YARN-4265,True,True,False
YARN-4248,True,False,False
YARN-4245,True,True,False
YARN-4234,True,False,False
YARN-4233,True,False,False
YARN-4231,True,False,False
YARN-4225,True,False,False
YARN-4224,True,False,False
YARN-4221,True,False,False
YARN-4219,True,True,False
YARN-4205,True,True,False
YARN-4199,False,True,False
YARN-4197,True,False,False
YARN-4195,True,False,False
YARN-4194,True,False,False
YARN-4193,True,False,False
YARN-4189,True,True,False
YARN-4186,True,False,False
YARN-4181,True,True,False
YARN-4176,True,False,False
YARN-4166,True,False,False
YARN-4162,True,False,False
YARN-4161,True,True,False
YARN-4132,True,False,False
YARN-4129,True,True,False
YARN-4125,True,False,False
YARN-4117,True,False,False
YARN-4108,True,False,False
YARN-4097,True,False,False
YARN-4094,True,True,False
YARN-4093,True,False,False
YARN-4091,True,False,False
YARN-4088,True,True,False
YARN-4080,True,True,False
YARN-4077,True,False,False
YARN-4075,True,False,False
YARN-4074,True,False,False
YARN-4070,True,False,False
YARN-4062,True,False,False
YARN-4061,True,True,False
YARN-4059,True,False,False
YARN-4056,True,True,False
YARN-4041,False,True,False
YARN-4039,True,True,False
YARN-4024,True,False,False
YARN-4023,True,False,False
YARN-4014,True,False,False
YARN-4012,True,False,False
YARN-4007,True,True,False
YARN-3998,True,False,False
YARN-3997,True,False,False
YARN-3983,True,False,False
YARN-3981,True,False,False
YARN-3980,True,False,False
YARN-3955,True,False,False
YARN-3970,True,False,False
YARN-3969,True,False,False
YARN-3964,True,True,False
YARN-3698,True,False,False
YARN-3935,True,False,False
YARN-3942,True,False,False
YARN-3929,True,False,False
YARN-3928,True,False,False
YARN-3927,True,False,False
YARN-3926,True,True,False
YARN-3923,True,True,False
YARN-3922,True,True,False
YARN-3920,True,True,False
YARN-3914,True,False,False
YARN-3904,True,False,False
YARN-3901,True,False,False
YARN-3895,True,False,False
YARN-3887,True,False,False
YARN-3870,True,False,False
YARN-3867,True,False,False
YARN-3866,True,False,False
YARN-3864,True,False,False
YARN-3863,True,False,True
YARN-3851,True,False,False
YARN-3822,False,True,False
YARN-3818,True,False,False
YARN-3817,True,False,False
YARN-3816,True,False,False
YARN-3815,True,False,False
YARN-3808,True,True,False
YARN-3807,True,True,False
YARN-3806,True,True,False
YARN-3773,False,True,True
YARN-3772,True,False,False
YARN-3739,True,False,False
YARN-3736,True,False,False
YARN-3719,False,True,True
YARN-3718,False,True,False
YARN-3692,True,False,False
YARN-3691,False,True,False
YARN-3684,True,True,False
YARN-3680,True,True,False
YARN-3623,True,False,False
YARN-3673,True,False,False
YARN-3672,True,False,False
YARN-3671,True,False,False
YARN-3666,True,False,False
YARN-3665,True,False,False
YARN-3664,True,False,False
YARN-3663,True,False,True
YARN-3662,True,False,False
YARN-3661,True,False,False
YARN-3660,True,True,False
YARN-3659,True,False,False
YARN-3656,False,True,False
YARN-3637,True,False,False
YARN-3636,True,False,False
YARN-3632,True,False,False
YARN-3622,True,False,False
YARN-3616,True,True,False
YARN-3611,True,True,False
YARN-3595,False,True,False
YARN-3588,True,False,False
YARN-3557,False,True,True
YARN-3542,True,False,False
YARN-3534,True,False,False
YARN-3510,True,False,False
YARN-3508,True,True,False
YARN-3500,False,True,False
YARN-3499,False,True,False
YARN-3490,True,False,False
YARN-3488,True,False,False
YARN-3482,True,False,False
YARN-3481,True,False,False
YARN-3474,True,False,False
YARN-3448,True,True,False
YARN-3445,True,True,False
YARN-3443,True,True,False
YARN-3440,True,False,False
YARN-3418,True,False,False
YARN-3417,True,True,False
YARN-3411,False,True,True
YARN-3402,True,True,False
YARN-3401,True,False,False
YARN-3391,True,False,False
YARN-3378,True,False,False
YARN-3374,True,False,False
YARN-3373,True,True,False
YARN-3372,True,False,False
YARN-3368,True,True,False
YARN-3366,True,False,False
YARN-3365,True,False,False
YARN-3361,True,False,False
YARN-3354,True,False,False
YARN-3345,True,False,False
YARN-3332,True,False,False
YARN-3319,True,False,False
YARN-3318,True,False,False
YARN-3317,True,True,False
YARN-3307,True,True,False
YARN-3306,True,True,False
YARN-3299,True,False,False
YARN-3250,True,False,False
YARN-3245,True,False,False
YARN-3212,True,False,False
YARN-3242,True,False,False
YARN-3235,True,False,False
YARN-3233,True,False,False
YARN-3228,True,False,False
YARN-3214,True,True,False
YARN-3208,True,False,False
YARN-3194,True,False,False
YARN-3172,True,False,False
YARN-3167,True,False,False
YARN-3166,True,False,False
YARN-3148,True,False,False
YARN-3139,True,False,False
YARN-3135,True,True,False
YARN-3127,True,False,False
YARN-3125,True,False,False
YARN-3119,True,True,False
YARN-3118,True,True,False
YARN-3115,True,False,False
YARN-3104,True,False,False
YARN-3100,True,True,False
YARN-3098,True,False,False
YARN-3093,True,False,False
YARN-3092,True,False,False
YARN-3091,True,True,False
YARN-3076,True,False,False
YARN-3068,True,True,False
YARN-3054,True,False,False
YARN-3053,False,True,False
YARN-3052,True,False,False
YARN-3051,True,False,False
YARN-3050,True,False,False
YARN-3049,True,False,False
YARN-3048,True,False,False
YARN-3047,True,False,False
YARN-3045,True,False,False
YARN-3044,True,False,False
YARN-3043,True,False,False
YARN-3042,True,False,False
YARN-3041,True,False,False
YARN-3040,True,False,False
YARN-3039,True,False,False
YARN-3038,True,False,False
YARN-3037,True,False,False
YARN-3036,True,False,False
YARN-3034,True,False,False
YARN-3033,True,False,False
YARN-3032,True,False,False
YARN-3031,True,False,False
YARN-3030,True,False,False
YARN-3026,True,False,False
YARN-3025,True,False,False
YARN-3003,True,False,False
YARN-2995,True,False,False
YARN-2986,True,False,False
YARN-2980,True,True,False
YARN-2969,True,False,False
YARN-2967,True,False,False
YARN-2966,True,False,False
YARN-2965,True,False,False
YARN-2885,True,False,False
YARN-2948,True,True,False
YARN-2947,True,False,False
YARN-2942,True,False,False
YARN-2928,True,True,False
YARN-2926,True,True,False
YARN-2923,True,False,False
YARN-2916,True,False,False
YARN-2915,True,True,False
YARN-2884,True,True,False
YARN-2903,True,False,True
YARN-2895,True,False,False
YARN-2888,True,True,False
YARN-2887,True,False,False
YARN-2883,True,False,False
YARN-2882,True,False,False
YARN-2879,False,True,False
YARN-2877,False,True,False
YARN-2851,True,False,False
YARN-2837,True,False,False
YARN-2848,True,False,False
YARN-2840,True,False,False
YARN-2835,True,False,False
YARN-2831,True,False,False
YARN-2829,True,False,False
YARN-2818,True,False,False
YARN-2817,True,True,False
YARN-2814,True,True,False
YARN-2800,True,False,False
YARN-2793,True,True,False
YARN-2791,False,True,False
YARN-2478,True,False,False
YARN-2786,True,False,False
YARN-2781,True,True,False
YARN-2770,True,False,False
YARN-2765,True,True,True
YARN-2745,True,True,False
YARN-2744,True,False,False
YARN-2728,True,False,False
YARN-2695,True,False,False
YARN-2693,True,False,False
YARN-2691,True,False,False
YARN-2690,True,False,False
YARN-2681,True,False,False
YARN-2673,True,False,False
YARN-2672,True,False,True
YARN-2653,True,True,False
YARN-2670,True,True,True
YARN-2664,True,False,False
YARN-2661,True,False,False
YARN-2632,True,False,False
YARN-2629,True,False,False
YARN-2619,True,False,False
YARN-2616,True,False,False
YARN-2613,True,False,False
YARN-2599,True,False,False
YARN-2597,True,False,False
YARN-2427,True,False,False
YARN-2575,True,False,False
YARN-2573,True,False,False
YARN-2572,True,False,False
YARN-2571,True,False,False
YARN-2552,True,False,False
YARN-2548,False,True,False
YARN-2533,True,False,False
YARN-2528,False,True,False
YARN-2521,True,True,False
YARN-2520,True,True,False
YARN-2495,True,False,False
YARN-2518,True,True,False
YARN-2517,True,False,False
YARN-2513,True,False,False
YARN-2503,True,False,False
YARN-2501,True,False,False
YARN-2496,True,False,False
YARN-2494,True,False,False
YARN-2488,True,False,False
YARN-2487,True,False,False
YARN-2475,True,False,False
YARN-2468,False,True,False
YARN-2466,False,True,True
YARN-2458,True,True,False
YARN-2456,True,False,False
YARN-2440,True,False,False
YARN-2439,True,False,False
YARN-2434,True,False,False
YARN-2420,True,False,False
YARN-2415,True,False,False
YARN-2411,True,False,False
YARN-2408,True,False,False
YARN-2386,True,False,False
YARN-2378,True,False,False
YARN-2331,True,False,False
YARN-2360,True,False,False
YARN-2310,False,True,False
YARN-2344,True,True,False
YARN-2320,True,False,False
YARN-2302,True,False,False
YARN-2299,True,False,False
YARN-2298,True,False,False
YARN-2297,True,False,False
YARN-2292,True,True,False
YARN-2291,True,True,False
YARN-2278,True,False,False
YARN-2257,True,False,False
YARN-2253,True,True,False
YARN-2248,True,False,True
YARN-2233,True,False,False
YARN-2227,True,False,False
YARN-2207,True,False,False
YARN-2198,True,True,True
YARN-2188,True,False,False
YARN-2186,True,False,False
YARN-2185,True,False,False
YARN-2181,True,False,False
YARN-2179,True,False,False
YARN-2177,False,True,False
YARN-2176,False,True,False
YARN-2174,True,False,True
YARN-2172,True,True,False
YARN-2069,True,False,False
YARN-2154,True,True,False
YARN-2151,True,False,False
YARN-2144,True,False,False
YARN-2141,True,True,False
YARN-2140,True,True,True
YARN-2139,True,False,False
YARN-2086,True,False,False
YARN-2113,True,True,False
YARN-2102,True,False,False
YARN-2099,True,False,False
YARN-2098,True,False,False
YARN-2084,True,False,False
YARN-2082,True,True,False
YARN-2080,True,False,False
YARN-2049,True,True,False
YARN-2041,False,True,False
YARN-2040,True,False,False
YARN-2037,True,False,False
YARN-2033,True,True,False
YARN-2032,True,True,True
YARN-2031,True,False,False
YARN-2026,True,False,False
YARN-2010,False,True,False
YARN-2005,True,True,False
YARN-2004,True,False,False
YARN-2001,True,False,False
YARN-2000,True,False,False
YARN-1996,True,True,False
YARN-1994,True,True,False
YARN-1993,False,True,False
YARN-1990,False,True,False
YARN-1983,True,True,False
YARN-1972,True,True,False
YARN-1954,True,False,False
YARN-1953,True,False,False
YARN-1969,True,False,False
YARN-1968,True,False,False
YARN-1963,True,True,False
YARN-1938,True,True,False
YARN-1937,True,False,False
YARN-1936,True,True,False
YARN-1915,True,False,False
YARN-1913,True,True,False
YARN-1871,True,False,False
YARN-1864,True,True,False
YARN-1858,True,False,False
YARN-1857,True,False,False
YARN-1856,True,False,False
YARN-1838,True,False,False
YARN-1815,True,True,False
YARN-1809,True,False,False
YARN-1808,True,False,False
YARN-1804,True,False,False
YARN-1799,True,False,False
YARN-1769,True,False,False
YARN-1766,True,False,False
YARN-1755,True,True,False
YARN-1743,True,False,False
YARN-1732,True,False,False
YARN-1730,True,False,False
YARN-1727,True,False,False
YARN-1717,True,False,False
YARN-1714,True,False,False
YARN-1712,True,False,False
YARN-1710,True,False,False
YARN-1709,True,False,False
YARN-1708,True,False,False
YARN-1707,False,True,False
YARN-1695,True,True,False
YARN-1639,True,False,False
YARN-1659,True,False,False
YARN-1655,True,False,False
YARN-1654,True,False,False
YARN-1651,True,True,False
YARN-1645,True,False,True
YARN-1621,True,False,False
YARN-1620,True,False,False
YARN-1609,True,False,False
YARN-1520,True,False,False
YARN-1593,True,True,False
YARN-1589,True,False,False
YARN-1585,True,False,False
YARN-1584,True,False,False
YARN-1582,True,True,False
YARN-1564,True,False,False
YARN-1558,True,False,False
YARN-1543,True,True,False
YARN-1538,True,False,True
YARN-1530,True,False,True
YARN-1512,True,True,False
YARN-1510,True,False,False
YARN-1509,True,False,False
YARN-1503,True,False,False
YARN-1498,True,False,False
YARN-1495,True,False,False
YARN-1493,True,False,False
YARN-1492,True,True,False
YARN-1490,True,False,False
YARN-1489,True,True,False
YARN-1488,True,True,False
YARN-1462,True,False,False
YARN-1461,True,False,False
YARN-1436,True,False,False
YARN-1448,True,False,False
YARN-1440,True,False,False
YARN-1421,True,False,False
YARN-1404,True,False,True
YARN-1394,True,False,False
YARN-1392,True,True,False
YARN-1390,True,False,False
YARN-1389,True,False,False
YARN-1380,False,True,False
YARN-1378,True,False,False
YARN-1372,True,False,False
YARN-1371,True,False,False
YARN-1370,True,False,False
YARN-1369,True,False,False
YARN-1368,True,False,False
YARN-1367,True,False,False
YARN-1366,True,False,False
YARN-1362,True,False,False
YARN-1360,True,True,False
YARN-1355,True,True,False
YARN-1354,True,True,False
YARN-1338,True,True,False
YARN-1337,True,True,False
YARN-1336,True,False,False
YARN-1324,True,True,False
YARN-1318,True,False,False
YARN-1317,True,False,False
YARN-1292,False,True,False
YARN-1290,True,True,False
YARN-1276,False,True,False
YARN-1253,False,True,False
YARN-1250,True,False,False
YARN-1249,True,False,False
YARN-1228,True,False,False
YARN-1210,True,True,False
YARN-1200,True,False,False
YARN-1197,True,False,False
YARN-1187,True,False,False
YARN-1186,True,False,False
YARN-1177,True,True,False
YARN-1155,True,False,False
YARN-1151,False,True,False
YARN-1133,True,False,False
YARN-1098,True,False,False
YARN-1127,True,False,False
YARN-1125,True,False,False
YARN-1124,True,False,False
YARN-1117,True,False,False
YARN-1115,True,False,False
YARN-1105,True,False,False
YARN-1104,True,False,False
YARN-1089,True,False,False
YARN-1080,True,False,False
YARN-1067,True,False,False
YARN-1065,True,False,False
YARN-1063,True,True,False
YARN-1062,False,True,False
YARN-1052,True,False,False
YARN-1051,True,True,False
YARN-1041,True,False,False
YARN-1040,True,False,False
YARN-1037,True,False,False
YARN-1033,True,False,False
YARN-1029,True,False,False
YARN-1028,True,True,False
YARN-1027,True,False,False
YARN-1024,True,False,False
YARN-1023,True,False,False
YARN-1010,False,True,False
YARN-1021,True,True,True
YARN-1020,True,False,False
YARN-1019,False,True,False
YARN-1016,True,True,False
YARN-1015,True,True,False
YARN-1014,True,False,False
YARN-1013,True,True,False
YARN-1011,True,True,False
YARN-1001,True,False,False
YARN-1000,True,False,False
YARN-997,True,False,False
YARN-986,True,False,False
YARN-977,True,False,False
YARN-975,True,False,False
YARN-972,True,True,False
YARN-896,False,True,False
YARN-958,True,False,False
YARN-957,True,False,False
YARN-953,True,False,False
YARN-951,True,False,False
YARN-950,True,False,False
YARN-926,True,False,False
YARN-925,True,False,False
YARN-941,True,False,False
YARN-921,True,False,False
YARN-914,True,True,False
YARN-913,True,False,False
YARN-911,True,False,False
YARN-910,False,True,False
YARN-904,True,True,False
YARN-875,True,False,False
YARN-867,False,True,False
YARN-851,True,False,False
YARN-824,True,False,False
YARN-813,True,False,False
YARN-810,True,False,False
YARN-801,True,False,False
YARN-781,True,False,False
YARN-789,True,True,False
YARN-785,True,False,False
YARN-779,True,False,False
YARN-771,True,False,False
YARN-747,True,False,False
YARN-740,True,False,False
YARN-732,True,False,False
YARN-717,True,False,False
YARN-714,True,False,False
YARN-710,True,False,False
YARN-707,True,False,False
YARN-696,True,False,False
YARN-694,True,False,False
YARN-693,True,False,False
YARN-692,True,False,False
YARN-682,True,False,False
YARN-679,True,False,False
YARN-672,True,False,False
YARN-671,True,False,False
YARN-668,True,False,False
YARN-666,True,False,False
YARN-641,True,False,False
YARN-624,True,False,False
YARN-616,True,False,False
YARN-613,True,False,False
YARN-611,True,False,False
YARN-608,True,False,False
YARN-600,True,False,False
YARN-599,True,False,False
YARN-596,True,False,False
YARN-595,True,False,False
YARN-589,True,False,False
YARN-582,True,False,False
YARN-571,True,False,False
YARN-569,True,False,False
YARN-568,True,False,False
YARN-567,True,False,False
YARN-563,True,False,False
YARN-561,True,False,False
YARN-559,True,False,False
YARN-558,True,False,False
YARN-556,True,False,False
YARN-549,True,False,False
YARN-528,True,True,False
YARN-521,True,False,False
YARN-514,False,True,False
YARN-513,True,False,False
YARN-506,True,False,False
YARN-494,True,False,False
YARN-482,True,False,False
YARN-479,True,False,False
YARN-471,True,False,False
YARN-462,True,False,False
YARN-453,False,True,False
YARN-445,True,False,False
YARN-443,False,True,False
YARN-438,True,False,False
YARN-431,True,False,False
YARN-430,True,False,False
YARN-424,True,False,False
YARN-423,True,True,False
YARN-421,True,True,False
YARN-420,True,True,False
YARN-336,True,False,False
YARN-419,True,False,False
YARN-418,True,True,False
YARN-417,True,True,False
YARN-415,True,False,True
YARN-405,False,True,False
YARN-393,True,False,False
YARN-386,True,False,False
YARN-378,True,False,False
YARN-373,True,False,False
YARN-371,True,True,False
YARN-366,True,False,False
YARN-358,True,False,False
YARN-333,True,False,False
YARN-327,True,True,False
YARN-326,True,False,False
YARN-321,True,True,False
YARN-314,True,False,False
YARN-311,True,False,False
YARN-309,True,False,False
YARN-304,True,True,False
YARN-291,True,False,False
YARN-286,True,False,False
YARN-285,True,False,False
YARN-279,True,True,False
YARN-276,True,False,False
YARN-273,True,False,False
YARN-265,True,False,False
YARN-261,True,False,False
YARN-257,True,False,False
YARN-256,False,True,False
YARN-250,True,True,False
YARN-247,True,False,False
YARN-238,True,False,False
YARN-232,True,False,False
YARN-231,True,False,False
YARN-230,True,False,False
YARN-222,True,False,False
YARN-197,True,False,False
YARN-196,True,True,False
YARN-195,True,False,False
YARN-191,False,True,False
YARN-160,True,False,False
YARN-153,True,True,True
YARN-149,True,False,False
YARN-128,True,False,False
YARN-125,False,True,False
YARN-120,False,True,False
YARN-119,True,False,False
YARN-118,True,False,False
YARN-117,True,False,False
YARN-111,True,False,False
YARN-103,True,True,False
YARN-91,True,False,False
YARN-90,True,False,False
YARN-80,False,True,False
YARN-78,True,False,False
YARN-74,True,False,False
YARN-73,True,False,False
YARN-72,True,False,False
YARN-60,True,False,False
YARN-45,True,True,False
YARN-41,True,False,False
YARN-40,True,False,False
YARN-39,True,False,False
YARN-34,True,False,False
YARN-29,True,True,False
YARN-19,True,False,False
YARN-18,True,True,False
YARN-3,True,True,False
YARN-1,True,True,False
YARN-530,True,False,False
YARN-221,True,True,False
YARN-3657,True,True,False
YARN-3658,True,False,False
YARN-4858,True,False,False
YARN-6667,True,True,False
YARN-6476,True,False,False
YARN-5764,True,True,False
YARN-6483,True,False,False
YARN-5864,True,False,False
YARN-5871,True,False,False
YARN-6740,True,False,False
YARN-7402,True,True,False
YARN-7403,True,False,False
YARN-8234,True,False,False
YARN-8118,False,True,False
YARN-7834,True,True,False
YARN-7898,True,False,False
YARN-7899,True,True,False
YARN-8972,True,False,False
YARN-9075,False,True,False
YARN-9342,False,True,True
YARN-9869,False,True,False
YARN-9608,True,False,False
YARN-8873,True,False,True
YARN-8900,True,False,False
YARN-9834,True,True,False
YARN-9708,True,True,False
YARN-10174,True,False,False
YARN-10775,True,False,False
YARN-10306,True,False,False
YARN-10538,True,False,False
YARN-10547,True,False,False
YARN-10559,True,True,False
YARN-10638,True,False,False
YARN-10444,True,False,False
YARN-10680,True,False,False
YARN-10886,True,False,False
YARN-10888,True,False,False
YARN-11057,False,True,False
YARN-10965,True,False,False
YARN-11034,True,False,False
YARN-11015,True,False,False
YARN-11066,True,False,False
YARN-11104,True,False,False
YARN-11090,True,False,False
YARN-11095,True,True,False
YARN-11096,True,False,False
YARN-11092,False,True,True
YARN-11084,True,False,False
YARN-11087,True,False,False
YARN-11110,True,True,False
YARN-11199,False,True,True
YARN-11276,False,True,False
YARN-11188,True,False,False
YARN-11252,True,False,False
YARN-11122,True,True,False
YARN-11126,False,True,False
YARN-11134,True,False,False
YARN-11140,True,False,False
YARN-11152,True,False,False
YARN-11327,True,False,False
YARN-11331,False,True,True
YARN-11332,True,False,False
YARN-11411,True,True,False
YARN-11412,True,True,False
YARN-11333,True,False,False
YARN-11335,True,False,True
YARN-11340,False,True,False
YARN-11300,True,False,False
YARN-11423,True,False,False
YARN-11425,True,False,False
YARN-11309,False,True,False
YARN-11315,True,False,False
YARN-11345,True,False,False
YARN-11391,True,False,False
YARN-11303,False,True,True
YARN-11351,True,False,False
YARN-11352,True,False,False
YARN-11354,True,False,False
YARN-11355,True,False,False
YARN-11356,False,True,True
YARN-11358,True,False,False
YARN-11401,True,False,False
YARN-11361,False,True,True
YARN-11448,True,True,False
YARN-11440,True,False,False
